<?xml version="1.0" encoding="UTF-8"?>
<metadata modelVersion="1.1.0">
  <groupId>org.jetbrains.kotlin</groupId>
  <artifactId>kotlin-gradle-plugin-model</artifactId>
  <version>1.6.255-SNAPSHOT</version>
  <versioning>
    <snapshot>
      <localCopy>true</localCopy>
    </snapshot>
    <lastUpdated>20220210101427</lastUpdated>
    <snapshotVersions>
      <snapshotVersion>
        <extension>pom</extension>
        <value>1.6.255-SNAPSHOT</value>
        <updated>20220210101427</updated>
      </snapshotVersion>
      <snapshotVersion>
        <classifier>javadoc</classifier>
        <extension>jar</extension>
        <value>1.6.255-SNAPSHOT</value>
        <updated>20220210101427</updated>
      </snapshotVersion>
      <snapshotVersion>
        <classifier>sources</classifier>
        <extension>jar</extension>
        <value>1.6.255-SNAPSHOT</value>
        <updated>20220210101427</updated>
      </snapshotVersion>
      <snapshotVersion>
        <extension>jar</extension>
        <value>1.6.255-SNAPSHOT</value>
        <updated>20220210101427</updated>
      </snapshotVersion>
    </snapshotVersions>
  </versioning>
</metadata>
